parcel_id,source_type,source_id,survey_date,source_status,crs
121,CTPVD_Final_Plot,121,,verified,EPSG:32643
6/2,CTPVD_Final_Plot,6/2,,verified,EPSG:32643
95,CTPVD_Final_Plot,95,,verified,EPSG:32643
29,CTPVD_Final_Plot,29,,verified,EPSG:32643
97,CTPVD_Final_Plot,97,,verified,EPSG:32643
80,CTPVD_Final_Plot,80,,verified,EPSG:32643
(109+110+111)/1,CTPVD_Final_Plot,(109+110+111)/1,,verified,EPSG:32643
140,CTPVD_Final_Plot,140,,verified,EPSG:32643
117,CTPVD_Final_Plot,117,,verified,EPSG:32643
92/2,CTPVD_Final_Plot,92/2,,verified,EPSG:32643
61,CTPVD_Final_Plot,61,,verified,EPSG:32643
116,CTPVD_Final_Plot,116,,verified,EPSG:32643
54,CTPVD_Final_Plot,54,,verified,EPSG:32643
74/1,CTPVD_Final_Plot,74/1,,verified,EPSG:32643
66/1,CTPVD_Final_Plot,66/1,,verified,EPSG:32643
18,CTPVD_Final_Plot,18,,verified,EPSG:32643
107,CTPVD_Final_Plot,107,,verified,EPSG:32643
2,CTPVD_Final_Plot,2,,verified,EPSG:32643
12,CTPVD_Final_Plot,12,,verified,EPSG:32643
17,CTPVD_Final_Plot,17,,verified,EPSG:32643
118,CTPVD_Final_Plot,118,,verified,EPSG:32643
105,CTPVD_Final_Plot,105,,verified,EPSG:32643
6/1,CTPVD_Final_Plot,6/1,,verified,EPSG:32643
42,CTPVD_Final_Plot,42,,verified,EPSG:32643
56/1/2,CTPVD_Final_Plot,56/1/2,,verified,EPSG:32643
30,CTPVD_Final_Plot,30,,verified,EPSG:32643
77,CTPVD_Final_Plot,77,,verified,EPSG:32643
98+99+100+103,CTPVD_Final_Plot,98+99+100+103,,verified,EPSG:32643
24/1,CTPVD_Final_Plot,24/1,,verified,EPSG:32643
67+70+71,CTPVD_Final_Plot,67+70+71,,verified,EPSG:32643
68,CTPVD_Final_Plot,68,,verified,EPSG:32643
33,CTPVD_Final_Plot,33,,verified,EPSG:32643
63,CTPVD_Final_Plot,63,,verified,EPSG:32643
73/1,CTPVD_Final_Plot,73/1,,verified,EPSG:32643
41/2,CTPVD_Final_Plot,41/2,,verified,EPSG:32643
43,CTPVD_Final_Plot,43,,verified,EPSG:32643
127/2,CTPVD_Final_Plot,127/2,,verified,EPSG:32643
40/1,CTPVD_Final_Plot,40/1,,verified,EPSG:32643
60,CTPVD_Final_Plot,60,,verified,EPSG:32643
137,CTPVD_Final_Plot,137,,verified,EPSG:32643
130,CTPVD_Final_Plot,130,,verified,EPSG:32643
94,CTPVD_Final_Plot,94,,verified,EPSG:32643
9,CTPVD_Final_Plot,9,,verified,EPSG:32643
44,CTPVD_Final_Plot,44,,verified,EPSG:32643
7,CTPVD_Final_Plot,7,,verified,EPSG:32643
47,CTPVD_Final_Plot,47,,verified,EPSG:32643
133,CTPVD_Final_Plot,133,,verified,EPSG:32643
96,CTPVD_Final_Plot,96,,verified,EPSG:32643
102,CTPVD_Final_Plot,102,,verified,EPSG:32643
79/1,CTPVD_Final_Plot,79/1,,verified,EPSG:32643
59/1,CTPVD_Final_Plot,59/1,,verified,EPSG:32643
49,CTPVD_Final_Plot,49,,verified,EPSG:32643
28,CTPVD_Final_Plot,28,,verified,EPSG:32643
104,CTPVD_Final_Plot,104,,verified,EPSG:32643
142,CTPVD_Final_Plot,142,,verified,EPSG:32643
11,CTPVD_Final_Plot,11,,verified,EPSG:32643
92/1,CTPVD_Final_Plot,92/1,,verified,EPSG:32643
(109+110+111)/2,CTPVD_Final_Plot,(109+110+111)/2,,verified,EPSG:32643
37,CTPVD_Final_Plot,37,,verified,EPSG:32643
131,CTPVD_Final_Plot,131,,verified,EPSG:32643
75,CTPVD_Final_Plot,75,,verified,EPSG:32643
23,CTPVD_Final_Plot,23,,verified,EPSG:32643
139,CTPVD_Final_Plot,139,,verified,EPSG:32643
106,CTPVD_Final_Plot,106,,verified,EPSG:32643
101,CTPVD_Final_Plot,101,,verified,EPSG:32643
36/1,CTPVD_Final_Plot,36/1,,verified,EPSG:32643
78,CTPVD_Final_Plot,78,,verified,EPSG:32643
19,CTPVD_Final_Plot,19,,verified,EPSG:32643
15,CTPVD_Final_Plot,15,,verified,EPSG:32643
141,CTPVD_Final_Plot,141,,verified,EPSG:32643
22,CTPVD_Final_Plot,22,,verified,EPSG:32643
125,CTPVD_Final_Plot,125,,verified,EPSG:32643
81,CTPVD_Final_Plot,81,,verified,EPSG:32643
69,CTPVD_Final_Plot,69,,verified,EPSG:32643
4,CTPVD_Final_Plot,4,,verified,EPSG:32643
16/1,CTPVD_Final_Plot,16/1,,verified,EPSG:32643
91,CTPVD_Final_Plot,91,,verified,EPSG:32643
89,CTPVD_Final_Plot,89,,verified,EPSG:32643
93,CTPVD_Final_Plot,93,,verified,EPSG:32643
132,CTPVD_Final_Plot,132,,verified,EPSG:32643
39/2,CTPVD_Final_Plot,39/2,,verified,EPSG:32643
64,CTPVD_Final_Plot,64,,verified,EPSG:32643
144,CTPVD_Final_Plot,144,,verified,EPSG:32643
55,CTPVD_Final_Plot,55,,verified,EPSG:32643
45,CTPVD_Final_Plot,45,,verified,EPSG:32643
56/1/1,CTPVD_Final_Plot,56/1/1,,verified,EPSG:32643
115/1,CTPVD_Final_Plot,115/1,,verified,EPSG:32643
85,CTPVD_Final_Plot,85,,verified,EPSG:32643
76,CTPVD_Final_Plot,76,,verified,EPSG:32643
25,CTPVD_Final_Plot,25,,verified,EPSG:32643
113,CTPVD_Final_Plot,113,,verified,EPSG:32643
1,CTPVD_Final_Plot,1,,verified,EPSG:32643
3,CTPVD_Final_Plot,3,,verified,EPSG:32643
52,CTPVD_Final_Plot,52,,verified,EPSG:32643
108,CTPVD_Final_Plot,108,,verified,EPSG:32643
138,CTPVD_Final_Plot,138,,verified,EPSG:32643
58,CTPVD_Final_Plot,58,,verified,EPSG:32643
65/1,CTPVD_Final_Plot,65/1,,verified,EPSG:32643
126,CTPVD_Final_Plot,126,,verified,EPSG:32643
127/1,CTPVD_Final_Plot,127/1,,verified,EPSG:32643
134,CTPVD_Final_Plot,134,,verified,EPSG:32643
14,CTPVD_Final_Plot,14,,verified,EPSG:32643
62,CTPVD_Final_Plot,62,,verified,EPSG:32643
128,CTPVD_Final_Plot,128,,verified,EPSG:32643
38,CTPVD_Final_Plot,38,,verified,EPSG:32643
39/1,CTPVD_Final_Plot,39/1,,verified,EPSG:32643
82,CTPVD_Final_Plot,82,,verified,EPSG:32643
120,CTPVD_Final_Plot,120,,verified,EPSG:32643
123,CTPVD_Final_Plot,123,,verified,EPSG:32643
50/1,CTPVD_Final_Plot,50/1,,verified,EPSG:32643
57,CTPVD_Final_Plot,57,,verified,EPSG:32643
34,CTPVD_Final_Plot,34,,verified,EPSG:32643
122,CTPVD_Final_Plot,122,,verified,EPSG:32643
135,CTPVD_Final_Plot,135,,verified,EPSG:32643
10,CTPVD_Final_Plot,10,,verified,EPSG:32643
136,CTPVD_Final_Plot,136,,verified,EPSG:32643
143,CTPVD_Final_Plot,143,,verified,EPSG:32643
53,CTPVD_Final_Plot,53,,verified,EPSG:32643
56/2,CTPVD_Final_Plot,56/2,,verified,EPSG:32643
32/1,CTPVD_Final_Plot,32/1,,verified,EPSG:32643
83,CTPVD_Final_Plot,83,,verified,EPSG:32643
41/1,CTPVD_Final_Plot,41/1,,verified,EPSG:32643
5,CTPVD_Final_Plot,5,,verified,EPSG:32643
86,CTPVD_Final_Plot,86,,verified,EPSG:32643
90,CTPVD_Final_Plot,90,,verified,EPSG:32643
26/1,CTPVD_Final_Plot,26/1,,verified,EPSG:32643
48,CTPVD_Final_Plot,48,,verified,EPSG:32643
8,CTPVD_Final_Plot,8,,verified,EPSG:32643
20,CTPVD_Final_Plot,20,,verified,EPSG:32643
112,CTPVD_Final_Plot,112,,verified,EPSG:32643
119,CTPVD_Final_Plot,119,,verified,EPSG:32643
84,CTPVD_Final_Plot,84,,verified,EPSG:32643
51,CTPVD_Final_Plot,51,,verified,EPSG:32643
24/2,CTPVD_Final_Plot,24/2,,verified,EPSG:32643
46,CTPVD_Final_Plot,46,,verified,EPSG:32643
79/2,CTPVD_Final_Plot,79/2,,verified,EPSG:32643
129,CTPVD_Final_Plot,129,,verified,EPSG:32643
31/1,CTPVD_Final_Plot,31/1,,verified,EPSG:32643
21,CTPVD_Final_Plot,21,,verified,EPSG:32643
115/2,CTPVD_Final_Plot,115/2,,verified,EPSG:32643
13,CTPVD_Final_Plot,13,,verified,EPSG:32643
87,CTPVD_Final_Plot,87,,verified,EPSG:32643
114,CTPVD_Final_Plot,114,,verified,EPSG:32643
124,CTPVD_Final_Plot,124,,verified,EPSG:32643
72,CTPVD_Final_Plot,72,,verified,EPSG:32643
88,CTPVD_Final_Plot,88,,verified,EPSG:32643
35/1,CTPVD_Final_Plot,35/1,,verified,EPSG:32643
50/2,CTPVD_Final_Plot,50/2,,verified,EPSG:32643
27/1,CTPVD_Final_Plot,27/1,,verified,EPSG:32643
