building_id,source_parcel_id,source_parcel_ids,source_parcel_count,raw_row_count,unique_geometry_count,inferred_parcel_id,candidate_count,intersection_area_sq_m,parcel_coverage,building_coverage,iou,centroid_distance_m,spatial_score,score_margin,resolution
way/843003285,9,9|69,2,2,1,9,2,220.012,0.0352,0.7575,0.0348,41.266,0.4382,0.315,CONSISTENT_LOW_CONFIDENCE
way/843003299,75,75,1,1,1,75,2,121.257,0.0399,1.0,0.0399,27.969,0.6402,0.6003,CONSISTENT_LOW_CONFIDENCE
way/843003315,8,8,1,1,1,8,1,132.606,0.0117,1.0,0.0117,61.728,0.5023,,CONSISTENT_LOW_CONFIDENCE
way/843003323,74/1,74/1,1,1,1,74/1,1,679.906,0.0843,1.0,0.0843,12.372,0.7426,,CONSISTENT
way/1072528782,95,95|112,2,2,1,112,5,1473.201,0.897,0.954,0.8599,1.595,0.9468,0.8406,CONSISTENT
way/1072528784,8,8,1,1,1,8,2,397.861,0.0352,1.0,0.0352,71.155,0.507,0.4573,CONSISTENT_LOW_CONFIDENCE
way/1072528785,8,8,1,1,1,8,2,370.662,0.0328,1.0,0.0328,50.85,0.5066,0.4322,CONSISTENT_LOW_CONFIDENCE
way/1072528786,8,8,1,1,1,8,3,350.878,0.0311,1.0,0.0311,34.104,0.6016,0.5347,CONSISTENT_LOW_CONFIDENCE
way/1072528787,8,8,1,1,1,8,2,330.081,0.0292,1.0,0.0292,25.069,0.6554,0.5765,CONSISTENT
way/1072528788,8,8,1,1,1,8,3,492.68,0.0436,1.0,0.0436,34.851,0.5996,0.5419,CONSISTENT_LOW_CONFIDENCE
way/1072528789,8,8,1,1,1,8,2,479.208,0.0424,1.0,0.0424,60.328,0.5085,0.4141,CONSISTENT_LOW_CONFIDENCE
way/1072528790,8,8|7,2,2,1,8,2,362.157,0.0321,0.9984,0.032,60.577,0.5056,0.4441,CONSISTENT_LOW_CONFIDENCE
way/1072528791,8,8|90,2,2,1,8,2,317.743,0.0281,0.9746,0.0281,60.337,0.4929,0.48,CONSISTENT_LOW_CONFIDENCE
way/1072528792,8,8,1,1,1,8,2,302.359,0.0268,1.0,0.0268,44.104,0.5407,0.5407,CONSISTENT_LOW_CONFIDENCE
way/1072528793,8,8,1,1,1,8,2,532.782,0.0472,1.0,0.0472,29.978,0.6296,0.562,CONSISTENT_LOW_CONFIDENCE
way/1072528794,8,8|90,2,2,1,8,2,524.914,0.0465,0.9837,0.0464,37.161,0.5782,0.4997,CONSISTENT_LOW_CONFIDENCE
way/1072528795,8,8,1,1,1,8,2,424.072,0.0375,1.0,0.0375,60.174,0.5075,0.5075,CONSISTENT_LOW_CONFIDENCE
way/1072528796,8,8,1,1,1,8,1,473.984,0.0419,1.0,0.0419,52.054,0.5084,,CONSISTENT_LOW_CONFIDENCE
way/1072528797,96,96,1,1,1,96,1,344.08,0.1452,1.0,0.1452,13.759,0.7465,,CONSISTENT
way/1072528798,96,96,1,1,1,96,2,308.061,0.13,1.0,0.13,14.869,0.7368,0.6458,CONSISTENT
way/1072528799,96,96,1,1,1,96,2,468.781,0.1978,1.0,0.1978,10.671,0.7755,0.7755,CONSISTENT
way/1072528800,95,95,1,1,1,95,2,357.708,0.1682,1.0,0.1682,14.236,0.7482,0.6413,CONSISTENT
way/1072528801,95,95,1,1,1,95,2,315.835,0.1485,1.0,0.1485,12.953,0.752,0.6385,CONSISTENT
way/1072528802,95,95,1,1,1,95,2,208.58,0.0981,1.0,0.0981,19.814,0.7007,0.6124,CONSISTENT
way/1072528803,95,95,1,1,1,95,2,187.986,0.0884,1.0,0.0884,14.365,0.7315,0.6233,CONSISTENT
way/1341558008,53,53,1,1,1,53,3,513.197,0.1798,1.0,0.1798,20.666,0.712,0.712,CONSISTENT
way/1341558009,137,137,1,1,1,137,3,642.34,0.0265,1.0,0.0265,88.437,0.5053,0.4632,CONSISTENT_LOW_CONFIDENCE
way/1341558010,137,137,1,1,1,137,1,642.571,0.0265,1.0,0.0265,72.241,0.5053,,CONSISTENT_LOW_CONFIDENCE
way/1341558011,137,137,1,1,1,137,1,642.476,0.0265,1.0,0.0265,59.49,0.5053,,CONSISTENT_LOW_CONFIDENCE
way/1341558012,137,137,1,1,1,137,1,642.476,0.0265,1.0,0.0265,52.473,0.5053,,CONSISTENT_LOW_CONFIDENCE
way/1341558013,137,137,1,1,1,137,1,642.734,0.0265,1.0,0.0265,51.077,0.5053,,CONSISTENT_LOW_CONFIDENCE
way/1341558014,137,137,1,1,1,137,1,642.314,0.0265,1.0,0.0265,56.589,0.5053,,CONSISTENT_LOW_CONFIDENCE
way/1341558015,137,137,1,1,1,137,1,642.528,0.0265,1.0,0.0265,68.547,0.5053,,CONSISTENT_LOW_CONFIDENCE
way/1341558016,137,137,1,1,1,137,1,642.317,0.0265,1.0,0.0265,60.719,0.5053,,CONSISTENT_LOW_CONFIDENCE
way/1341558017,137,137,1,1,1,137,1,642.574,0.0265,1.0,0.0265,40.803,0.5605,,CONSISTENT_LOW_CONFIDENCE
way/1341558018,137,137,1,1,1,137,1,642.479,0.0265,1.0,0.0265,22.237,0.6719,,CONSISTENT
way/1341558019,137,137,1,1,1,137,1,642.316,0.0265,1.0,0.0265,6.484,0.7664,,CONSISTENT
way/1341558020,137,137,1,1,1,137,2,642.342,0.0265,1.0,0.0265,52.401,0.5053,0.5053,CONSISTENT_LOW_CONFIDENCE
way/1341558021,137,137,1,1,1,137,3,642.478,0.0265,1.0,0.0265,71.791,0.5053,0.4661,CONSISTENT_LOW_CONFIDENCE
way/1341558022,137,137,1,1,1,137,1,483.193,0.0199,1.0,0.0199,59.873,0.504,,CONSISTENT_LOW_CONFIDENCE
way/1341558023,137,137,1,1,1,137,1,483.383,0.0199,1.0,0.0199,79.898,0.504,,CONSISTENT_LOW_CONFIDENCE
way/1341558024,137,137,1,1,1,137,1,483.384,0.0199,1.0,0.0199,98.995,0.504,,CONSISTENT_LOW_CONFIDENCE
way/1341558025,137,137,1,1,1,137,2,1373.312,0.0566,1.0,0.0566,57.938,0.5113,0.5113,CONSISTENT_LOW_CONFIDENCE
way/1341558026,49,49,1,1,1,49,2,716.665,0.0798,1.0,0.0798,38.811,0.5831,0.5831,CONSISTENT_LOW_CONFIDENCE
way/1341558027,49,49,1,1,1,49,3,716.802,0.0798,1.0,0.0798,28.08,0.6475,0.6475,CONSISTENT_LOW_CONFIDENCE
way/1341558028,49,49,1,1,1,49,1,435.187,0.0484,1.0,0.0484,27.359,0.6455,,CONSISTENT_LOW_CONFIDENCE
way/1341558029,49,49,1,1,1,49,1,428.64,0.0477,1.0,0.0477,27.886,0.6422,,CONSISTENT_LOW_CONFIDENCE
way/1341558030,49,49,1,1,1,49,1,441.392,0.0491,1.0,0.0491,39.279,0.5742,,CONSISTENT_LOW_CONFIDENCE
way/1341558031,49,49,1,1,1,49,1,441.393,0.0491,1.0,0.0491,46.276,0.5322,,CONSISTENT_LOW_CONFIDENCE
way/1341558032,49,49,1,1,1,49,2,299.954,0.0334,1.0,0.0334,51.345,0.5067,0.5067,CONSISTENT_LOW_CONFIDENCE
way/1341558033,49,49,1,1,1,49,2,714.881,0.0796,1.0,0.0796,46.724,0.5356,0.5356,CONSISTENT_LOW_CONFIDENCE
way/1341558034,15,15,1,1,1,15,3,322.926,0.0806,1.0,0.0806,34.058,0.6118,0.5708,CONSISTENT_LOW_CONFIDENCE
way/1341558035,64,64,1,1,1,64,3,322.92,0.0328,1.0,0.0328,61.67,0.5066,0.4582,CONSISTENT_LOW_CONFIDENCE
way/1341558036,64,64,1,1,1,64,3,322.798,0.0328,1.0,0.0328,46.045,0.5303,0.5031,CONSISTENT_LOW_CONFIDENCE
way/1341558037,64,64,1,1,1,64,2,322.802,0.0328,1.0,0.0328,33.427,0.606,0.5904,CONSISTENT_LOW_CONFIDENCE
way/1341558038,64,64,1,1,1,64,2,322.92,0.0328,1.0,0.0328,30.793,0.6218,0.5742,CONSISTENT_LOW_CONFIDENCE
way/1341558039,64,64,1,1,1,64,2,322.92,0.0328,1.0,0.0328,41.61,0.5569,0.5279,CONSISTENT_LOW_CONFIDENCE
way/1341558040,74/1,74/1,1,1,1,74/1,1,303.32,0.0376,1.0,0.0376,45.477,0.5347,,CONSISTENT_LOW_CONFIDENCE
way/1341558041,74/1,74/1,1,1,1,74/1,1,303.178,0.0376,1.0,0.0376,38.387,0.5772,,CONSISTENT_LOW_CONFIDENCE
way/1341558042,74/1,74/1,1,1,1,74/1,1,303.178,0.0376,1.0,0.0376,40.027,0.5674,,CONSISTENT_LOW_CONFIDENCE
way/1341558043,74/1,74/1|72,2,2,1,74/1,2,263.778,0.0327,0.8699,0.0325,48.485,0.4506,0.3328,CONSISTENT_LOW_CONFIDENCE
way/1341558044,74/1,74/1|72,2,2,1,74/1,2,541.592,0.0671,0.8442,0.0663,29.179,0.5604,0.3267,CONSISTENT_LOW_CONFIDENCE
way/1341558045,94,94|74/1|72|132,4,4,1,74/1,4,494.485,0.0613,0.7709,0.0602,50.211,0.3977,0.3058,CONSISTENT_LOW_CONFIDENCE
way/1341558046,74/1,74/1,1,1,1,74/1,1,317.911,0.0394,1.0,0.0394,34.257,0.6023,,CONSISTENT_LOW_CONFIDENCE
way/1341558047,74/1,74/1,1,1,1,74/1,2,317.837,0.0394,1.0,0.0394,50.333,0.5079,0.4457,CONSISTENT_LOW_CONFIDENCE
way/1341558048,94,94,1,1,1,94,3,299.38,0.0705,1.0,0.0705,27.387,0.6498,0.6498,CONSISTENT_LOW_CONFIDENCE
way/1341558049,94,94,1,1,1,94,2,299.516,0.0705,1.0,0.0705,25.713,0.6598,0.6598,CONSISTENT
way/1341558050,94,94,1,1,1,94,2,299.517,0.0705,1.0,0.0705,29.74,0.6357,0.6357,CONSISTENT_LOW_CONFIDENCE
way/1341558051,94,94,1,1,1,94,2,299.634,0.0705,1.0,0.0705,29.192,0.639,0.639,CONSISTENT_LOW_CONFIDENCE
way/1341558052,94,94,1,1,1,94,2,292.172,0.0688,1.0,0.0688,19.272,0.6981,0.6968,CONSISTENT
way/1341558053,94,94,1,1,1,94,2,292.067,0.0687,1.0,0.0687,22.352,0.6796,0.6796,CONSISTENT
way/1341558054,75,75,1,1,1,75,2,387.242,0.1275,1.0,0.1275,19.908,0.706,0.6557,CONSISTENT
way/1341558055,78,78|76,2,2,1,76,3,316.9,0.163,0.8183,0.1574,19.48,0.6249,0.4327,CONSISTENT_LOW_CONFIDENCE
way/1341558056,78,78|76,2,2,1,76,2,322.285,0.1658,0.8319,0.1604,7.564,0.7037,0.4886,CONSISTENT
way/1341558057,78,78|76,2,2,1,76,2,327.667,0.1686,0.8462,0.1636,24.33,0.6108,0.4524,CONSISTENT_LOW_CONFIDENCE
way/1341558058,78,78,1,1,1,78,2,333.532,0.122,1.0,0.122,20.139,0.7036,0.7036,CONSISTENT
way/1341558059,78,78,1,1,1,78,2,479.08,0.1752,1.0,0.1752,21.58,0.7056,0.5735,CONSISTENT
way/1341558060,79/1,79/1,1,1,1,79/1,2,287.731,0.1,1.0,0.1,17.07,0.7176,0.6855,CONSISTENT
way/1374361362,24/1,24/1|119,2,2,1,24/1,2,249.522,0.0237,0.8381,0.0235,61.581,0.4238,0.2433,CONSISTENT_LOW_CONFIDENCE
way/1374361363,24/1,24/1,1,1,1,24/1,2,297.538,0.0282,1.0,0.0282,52.487,0.5056,0.5056,CONSISTENT_LOW_CONFIDENCE
way/1374361364,24/1,24/1,1,1,1,24/1,1,297.5,0.0282,1.0,0.0282,53.7,0.5056,,CONSISTENT_LOW_CONFIDENCE
way/1374361365,24/1,24/1,1,1,1,24/1,1,297.54,0.0282,1.0,0.0282,35.558,0.5923,,CONSISTENT_LOW_CONFIDENCE
way/1374361366,24/1,24/1,1,1,1,24/1,1,297.624,0.0282,1.0,0.0282,21.699,0.6755,,CONSISTENT
way/1374361367,24/1,24/1,1,1,1,24/1,1,297.624,0.0282,1.0,0.0282,22.241,0.6722,,CONSISTENT
way/1374361368,24/1,24/1,1,1,1,24/1,1,297.624,0.0282,1.0,0.0282,36.103,0.589,,CONSISTENT_LOW_CONFIDENCE
way/1374361369,24/1,24/1,1,1,1,24/1,1,297.5,0.0282,1.0,0.0282,55.433,0.5056,,CONSISTENT_LOW_CONFIDENCE
way/1374361370,24/1,24/1|119,2,2,1,24/1,2,243.705,0.0231,0.8188,0.023,46.907,0.4326,0.2507,CONSISTENT_LOW_CONFIDENCE
way/1374361371,24/1,24/1|120|119,3,3,1,24/1,3,235.976,0.0224,0.7929,0.0222,36.967,0.4791,0.3817,CONSISTENT_LOW_CONFIDENCE
way/1374361372,24/1,24/1|120,2,2,1,24/1,2,236.555,0.0224,0.7947,0.0223,34.721,0.4935,0.312,CONSISTENT_LOW_CONFIDENCE
way/1374361373,24/1,24/1|120,2,2,1,24/1,2,265.329,0.0252,0.8919,0.0251,39.741,0.5125,0.3101,CONSISTENT_LOW_CONFIDENCE
way/1374363244,23,23|22,2,2,1,23,2,259.794,0.0503,0.7449,0.0495,36.228,0.4652,0.2581,CONSISTENT_LOW_CONFIDENCE
way/1374363245,23,23,1,1,1,23,1,348.641,0.0676,1.0,0.0676,22.244,0.68,,CONSISTENT
way/1374363246,23,23|22,2,2,1,23,4,593.048,0.1149,0.8151,0.112,30.917,0.545,0.3704,CONSISTENT_LOW_CONFIDENCE
way/1374363247,23,23|24/1,2,2,1,23,3,717.759,0.1391,0.9865,0.1388,22.188,0.6879,0.681,CONSISTENT
way/1374363248,32/1,32/1|29,2,2,1,29,2,381.167,0.2289,0.8231,0.2182,19.81,0.6385,0.5876,CONSISTENT_LOW_CONFIDENCE
way/1374363249,32/1,32/1,1,1,1,32/1,2,334.971,0.062,0.8945,0.0615,38.512,0.5286,0.4348,CONSISTENT_LOW_CONFIDENCE
way/1374363250,32/1,32/1,1,1,1,32/1,1,342.798,0.0634,0.9155,0.063,21.831,0.6394,,CONSISTENT_LOW_CONFIDENCE
way/1374363251,32/1,32/1,1,1,1,32/1,1,318.174,0.0589,0.8495,0.0582,26.642,0.5767,,CONSISTENT_LOW_CONFIDENCE
way/1374363252,30,30|32/1,2,2,1,32/1,2,313.289,0.0579,0.8365,0.0573,45.042,0.4596,0.2759,CONSISTENT_LOW_CONFIDENCE
way/1374363253,135,135|30|33,3,3,1,30,3,404.325,0.2375,0.8073,0.2248,20.462,0.6284,0.4117,CONSISTENT_LOW_CONFIDENCE
way/1374363254,32/1,32/1|29,2,2,1,29,2,354.136,0.2127,0.9294,0.2093,10.684,0.7431,0.7068,CONSISTENT
way/1374363255,32/1,32/1,1,1,1,32/1,1,259.876,0.0481,1.0,0.0481,33.411,0.6091,,CONSISTENT_LOW_CONFIDENCE
way/1374363256,32/1,32/1,1,1,1,32/1,1,260.044,0.0481,1.0,0.0481,16.581,0.7101,,CONSISTENT
way/1374363257,32/1,32/1,1,1,1,32/1,1,260.051,0.0481,1.0,0.0481,22.005,0.6776,,CONSISTENT
way/1374363258,30,30|32/1,2,2,1,32/1,2,255.091,0.0472,0.9815,0.0471,40.229,0.5588,0.3966,CONSISTENT_LOW_CONFIDENCE
way/1374363259,135,135|30,2,2,1,30,2,375.116,0.2204,0.9622,0.2185,8.395,0.7748,0.7245,CONSISTENT
way/1374363260,60,60|32/1,2,2,1,60,2,336.234,0.0527,0.7527,0.0518,44.393,0.4205,0.2642,CONSISTENT_LOW_CONFIDENCE
way/1374363261,60,60,1,1,1,60,2,446.712,0.07,1.0,0.07,21.409,0.6856,0.6856,CONSISTENT
way/1374363262,60,60,1,1,1,60,2,446.69,0.07,1.0,0.07,25.806,0.6592,0.6592,CONSISTENT
way/1374363263,60,60|32/1,2,2,1,60,3,323.845,0.0508,0.725,0.0498,47.78,0.386,0.1599,CONSISTENT_LOW_CONFIDENCE
way/1374363264,60,60,1,1,1,60,1,398.583,0.0625,1.0,0.0625,25.682,0.6584,,CONSISTENT
way/1374363265,60,60|133,2,2,1,60,2,759.725,0.1191,0.986,0.1189,26.053,0.6605,0.6532,CONSISTENT
way/1374363266,39/2,39/2,1,1,1,39/2,1,330.798,0.0642,1.0,0.0642,32.874,0.6156,,CONSISTENT_LOW_CONFIDENCE
way/1374363267,39/2,39/2,1,1,1,39/2,1,330.687,0.0641,1.0,0.0641,10.137,0.752,,CONSISTENT
way/1374363268,39/2,39/2,1,1,1,39/2,1,323.71,0.0628,0.9786,0.0627,26.927,0.6403,,CONSISTENT_LOW_CONFIDENCE
way/1374363269,39/2,39/2|136,2,2,1,39/2,2,443.421,0.086,0.6569,0.0823,31.952,0.4539,0.2895,CONSISTENT_LOW_CONFIDENCE
way/1374363270,39/2,39/2,1,1,1,39/2,3,712.906,0.1383,1.0,0.1383,27.614,0.662,0.6226,CONSISTENT
way/1374363271,36/1,36/1,1,1,1,36/1,2,386.546,0.1415,1.0,0.1415,15.863,0.7331,0.7331,CONSISTENT
way/1374363272,36/1,36/1,1,1,1,36/1,1,386.546,0.1415,1.0,0.1415,10.254,0.7668,,CONSISTENT
way/1374363273,36/1,36/1|136,2,2,1,36/1,2,202.519,0.0741,0.4633,0.0683,25.497,0.3935,0.1212,CONSISTENT_LOW_CONFIDENCE
way/1374365097,44,44|43,2,2,1,44,2,222.862,0.0448,0.7258,0.044,33.841,0.4688,0.3721,CONSISTENT_LOW_CONFIDENCE
way/1374365098,44,44|43,2,2,1,44,2,244.019,0.049,0.7944,0.0484,39.615,0.4693,0.3232,CONSISTENT_LOW_CONFIDENCE
way/1374365099,44,44,1,1,1,44,1,307.037,0.0617,1.0,0.0617,25.986,0.6564,,CONSISTENT
way/1374365100,44,44,1,1,1,44,1,306.9,0.0616,1.0,0.0616,22.895,0.675,,CONSISTENT
way/1374365101,44,44,1,1,1,44,1,412.59,0.0829,1.0,0.0829,11.666,0.7466,,CONSISTENT
way/1374365102,43,43|39/1,2,2,1,43,2,664.547,0.0684,0.6441,0.0659,55.208,0.3357,0.1713,WEAK_MATCH
way/1374365103,73/1,73/1|67+70+71,2,2,1,67+70+71,2,240.764,0.0327,0.6243,0.0321,32.648,0.4228,0.0682,CONSISTENT_LOW_CONFIDENCE
way/1374365104,73/1,73/1|67+70+71,2,2,1,67+70+71,3,320.78,0.0436,0.8326,0.0432,46.751,0.4445,0.3246,CONSISTENT_LOW_CONFIDENCE
way/1374365105,72,72|73/1,2,2,1,72,2,380.454,0.0949,0.906,0.094,34.55,0.5647,0.4807,CONSISTENT_LOW_CONFIDENCE
way/1374365106,72,72|73/1,2,2,1,72,2,293.811,0.0733,0.8861,0.0726,16.69,0.6576,0.4971,CONSISTENT
way/1374365107,72,72|73/1,2,2,1,72,2,471.502,0.1177,0.7287,0.1127,23.145,0.549,0.2984,CONSISTENT_LOW_CONFIDENCE
way/1374365108,72,72|132|73/1,3,3,1,72,3,320.741,0.08,0.8597,0.079,48.699,0.4536,0.4059,CONSISTENT_LOW_CONFIDENCE
way/1374365109,73/1,73/1|67+70+71,2,2,1,73/1,2,299.31,0.0666,0.5866,0.0636,38.096,0.3781,0.1586,CONSISTENT_LOW_CONFIDENCE
